<?xml version="1.0" encoding="UTF-8"?>
<project-private xmlns="http://www.netbeans.org/ns/project-private/1">
    <editor-bookmarks xmlns="http://www.netbeans.org/ns/editor-bookmarks/2" lastBookmarkId="0"/>
    <open-files xmlns="http://www.netbeans.org/ns/projectui-open-files/2">
        <group>
            <file>file:/mnt/roost/users/aclaveau/Documents/algoprogs1/TP/TP10_String/TP10_String/src/tpstring/Voyelles.java</file>
            <file>file:/mnt/roost/users/aclaveau/Documents/algoprogs1/TP/TP10_String/TP10_String/src/tpstring/Palindrome.java</file>
            <file>file:/mnt/roost/users/aclaveau/Documents/algoprogs1/TP/TP10_String/TP10_String/src/tpstring/Mail.java</file>
            <file>file:/mnt/roost/users/aclaveau/Documents/algoprogs1/TP/TP10_String/TP10_String/test/tpstring/PalindromeTest.java</file>
        </group>
    </open-files>
</project-private>
